{"cameraMode":{"drawMode":0,"name":"Shaded","section":"Shading Mode"},"sceneLighting":true,"audioPlay":false,"sceneViewState":{"showFog":true,"showMaterialUpdate":false,"showSkybox":false,"showFlares":true,"showImageEffects":true,"showParticleSystems":true},"in2DMode":false,"pivot":{"x":-98.40431213378906,"y":-1.97355318069458,"z":3.9582901000976564},"rotation":{"x":-0.18782927095890046,"y":-0.13594505190849305,"z":0.026259582489728929,"w":-0.9724048972129822},"size":6.2676239013671879,"orthographic":false}